<?xml version="1.0" encoding="UTF-8"?>
<deploy
 date="2018.10.26.22:56:22"
 outputDirectory="E:/Altera/Cyclone_IV/SW/Project04_Nios_SDRAM/db/ip/sld853d7edb/">
 <perimeter>
  <parameter
     name="AUTO_DEVICE_FAMILY"
     type="String"
     defaultValue=""
     onHdl="0"
     affectsHdl="1" />
  <parameter
     name="AUTO_DEVICE"
     type="String"
     defaultValue=""
     onHdl="0"
     affectsHdl="1" />
  <parameter
     name="AUTO_DEVICE_SPEEDGRADE"
     type="String"
     defaultValue=""
     onHdl="0"
     affectsHdl="1" />
  <interface name="nodes" kind="conduit" start="0">
   <property name="associatedClock" value="" />
   <property name="associatedReset" value="" />
   <port name="nodes_send" direction="input" role="send" width="50" />
   <port name="nodes_receive" direction="output" role="receive" width="50" />
  </interface>
  <interface name="hub" kind="conduit" start="0">
   <property name="associatedClock" value="" />
   <property name="associatedReset" value="" />
   <port name="hub_tck" direction="input" role="tck" width="1" />
   <port name="hub_tms" direction="input" role="tms" width="1" />
   <port name="hub_tdi" direction="input" role="tdi" width="1" />
   <port name="hub_tdo" direction="output" role="tdo" width="1" />
  </interface>
 </perimeter>
 <entity
   path=""
   parameterizationKey="alt_sld_fab:1.0:AUTO_DEVICE=,AUTO_DEVICE_FAMILY=Cyclone IV E,AUTO_DEVICE_SPEEDGRADE=(alt_sld_fab:15.1:AGENTS=,AUTO_DEVICE=Unknown,AUTO_DEVICE_SPEEDGRADE=Unknown,CLOCKS={id {} } {id {} } ,COMPOSED_SETTINGS={fabric sld dir agent mfr_code 110 type_code 128 version 1 instance 0 ir_width 1 prefer_host {} } {fabric sld dir agent mfr_code 70 type_code 34 version 3 instance 0 ir_width 2 prefer_host {} } ,DESIGN_HASH=913e690ee7f42d18c37f,DEVICE_FAMILY=Cyclone IV E,EP_INFOS={hpath {nios_ii:u0|nios_ii_jtag_uart_0:jtag_uart_0|alt_jtag_atlantic:nios_ii_jtag_uart_0_alt_jtag_atlantic|altera_sld_agent_endpoint:inst|altera_fabric_endpoint:ep} } {hpath {nios_ii:u0|nios_ii_nios2_gen2_0:nios2_gen2_0|nios_ii_nios2_gen2_0_cpu:cpu|nios_ii_nios2_gen2_0_cpu_nios2_oci:the_nios_ii_nios2_gen2_0_cpu_nios2_oci|nios_ii_nios2_gen2_0_cpu_debug_slave_wrapper:the_nios_ii_nios2_gen2_0_cpu_debug_slave_wrapper|sld_virtual_jtag_basic:nios_ii_nios2_gen2_0_cpu_debug_slave_phy|sld_virtual_jtag_impl:sld_virtual_jtag_impl_inst} } ,MAX_WIDTH=25,MIRROR=0,NODE_COUNT=2,SETTINGS={fabric sld dir agent mfr_code 110 type_code 128 version 1 instance -1 ir_width 1 prefer_host { } psig f63706bb} {fabric sld dir agent mfr_code 70 type_code 34 version 3 instance 0 ir_width 2 psig f63706bb} ,TOP_HUB=1(altera_super_splitter:15.1:MAX_WIDTH=25,RECEIVE_WIDTHS=24 25,SEND_WIDTHS=3 4)(altera_sld_splitter:15.1:ADD_INTERFACE_ASGN=0,EXAMPLE=,FRAGMENTS={{name clock type clock dir end ports { {tck clk in 1 0} } } {name node type conduit dir end ports { {tms tms in 1 1} {tdi tdi in 1 2} {tdo tdo out 1 0} {ena ena in 1 3} {usr1 usr1 in 1 4} {clr clr in 1 5} {clrn clrn in 1 6} {jtag_state_tlr jtag_state_tlr in 1 7} {jtag_state_rti jtag_state_rti in 1 8} {jtag_state_sdrs jtag_state_sdrs in 1 9} {jtag_state_cdr jtag_state_cdr in 1 10} {jtag_state_sdr jtag_state_sdr in 1 11} {jtag_state_e1dr jtag_state_e1dr in 1 12} {jtag_state_pdr jtag_state_pdr in 1 13} {jtag_state_e2dr jtag_state_e2dr in 1 14} {jtag_state_udr jtag_state_udr in 1 15} {jtag_state_sirs jtag_state_sirs in 1 16} {jtag_state_cir jtag_state_cir in 1 17} {jtag_state_sir jtag_state_sir in 1 18} {jtag_state_e1ir jtag_state_e1ir in 1 19} {jtag_state_pir jtag_state_pir in 1 20} {jtag_state_e2ir jtag_state_e2ir in 1 21} {jtag_state_uir jtag_state_uir in 1 22} {ir_in ir_in in 1 23} {irq irq out 1 1} {ir_out ir_out out 1 2} } clock clock assign {debug.controlledBy {link_0} } moduleassign {debug.virtualInterface.link_0 {debug.endpointLink {fabric sld index 1} } } } } {{name clock type clock dir end ports { {tck clk in 1 0} } } {name node type conduit dir end ports { {tms tms in 1 1} {tdi tdi in 1 2} {tdo tdo out 1 0} {ena ena in 1 3} {usr1 usr1 in 1 4} {clr clr in 1 5} {clrn clrn in 1 6} {jtag_state_tlr jtag_state_tlr in 1 7} {jtag_state_rti jtag_state_rti in 1 8} {jtag_state_sdrs jtag_state_sdrs in 1 9} {jtag_state_cdr jtag_state_cdr in 1 10} {jtag_state_sdr jtag_state_sdr in 1 11} {jtag_state_e1dr jtag_state_e1dr in 1 12} {jtag_state_pdr jtag_state_pdr in 1 13} {jtag_state_e2dr jtag_state_e2dr in 1 14} {jtag_state_udr jtag_state_udr in 1 15} {jtag_state_sirs jtag_state_sirs in 1 16} {jtag_state_cir jtag_state_cir in 1 17} {jtag_state_sir jtag_state_sir in 1 18} {jtag_state_e1ir jtag_state_e1ir in 1 19} {jtag_state_pir jtag_state_pir in 1 20} {jtag_state_e2ir jtag_state_e2ir in 1 21} {jtag_state_uir jtag_state_uir in 1 22} {ir_in ir_in in 2 23} {irq irq out 1 1} {ir_out ir_out out 2 2} } clock clock assign {debug.controlledBy {link_1} } moduleassign {debug.virtualInterface.link_1 {debug.endpointLink {fabric sld index 2} } } } } )(altera_jtag_pins_bridge:15.1:)(altera_sld_jtag_hub:15.1:BROADCAST_FEATURE=1,COMPILATION_MODE=0,CONN_INDEX=0,COUNT=2,DEVICE_FAMILY=Cyclone IV E,ENABLE_SOFT_CORE_CONTROLLER=0,FORCE_IR_CAPTURE_FEATURE=1,FORCE_PRE_1_4_FEATURE=0,NODE_INFO=0001100100010000010001100000000000001100000000000110111000000000,N_NODE_IR_BITS=5,N_SEL_BITS=2,SETTINGS={mfr_code 110 type_code 128 version 1 instance 0 ir_width 1 prefer_host {} } {mfr_code 70 type_code 34 version 3 instance 0 ir_width 2 prefer_host {} } )(altera_connection_identification_hub:15.1:COUNT=1,DESIGN_HASH=913e690ee7f42d18c37f,SETTINGS={width 4 latency 0} )(conduit:15.1:endPort=,endPortLSB=0,startPort=,startPortLSB=0,width=0)(clock:15.1:)(conduit:15.1:endPort=,endPortLSB=0,startPort=,startPortLSB=0,width=0)(clock:15.1:)(conduit:15.1:endPort=,endPortLSB=0,startPort=,startPortLSB=0,width=0)(clock:15.1:)(conduit:15.1:endPort=,endPortLSB=0,startPort=,startPortLSB=0,width=0)(conduit:15.1:endPort=,endPortLSB=0,startPort=,startPortLSB=0,width=0))"
   instancePathKey="alt_sld_fab"
   kind="alt_sld_fab"
   version="1.0"
   name="alt_sld_fab">
  <parameter name="AUTO_DEVICE" value="" />
  <parameter name="AUTO_DEVICE_FAMILY" value="Cyclone IV E" />
  <parameter name="AUTO_DEVICE_SPEEDGRADE" value="" />
  <generatedFiles>
   <file
       path="E:/Altera/Cyclone_IV/SW/Project04_Nios_SDRAM/db/ip/sld853d7edb/alt_sld_fab.v"
       type="VERILOG" />
  </generatedFiles>
  <childGeneratedFiles>
   <file
       path="E:/Altera/Cyclone_IV/SW/Project04_Nios_SDRAM/db/ip/sld853d7edb/submodules/alt_sld_fab_alt_sld_fab.v"
       type="VERILOG" />
   <file
       path="E:/Altera/Cyclone_IV/SW/Project04_Nios_SDRAM/db/ip/sld853d7edb/submodules/alt_sld_fab_alt_sld_fab_presplit.sv"
       type="SYSTEM_VERILOG"
       attributes="TOP_LEVEL_FILE" />
   <file
       path="E:/Altera/Cyclone_IV/SW/Project04_Nios_SDRAM/db/ip/sld853d7edb/submodules/alt_sld_fab_alt_sld_fab_splitter.sv"
       type="SYSTEM_VERILOG"
       attributes="TOP_LEVEL_FILE" />
   <file
       path="E:/Altera/Cyclone_IV/SW/Project04_Nios_SDRAM/db/ip/sld853d7edb/submodules/alt_sld_fab_alt_sld_fab_sldfabric.vhd"
       type="VHDL"
       attributes="" />
   <file
       path="E:/Altera/Cyclone_IV/SW/Project04_Nios_SDRAM/db/ip/sld853d7edb/submodules/alt_sld_fab_alt_sld_fab_ident.sv"
       type="SYSTEM_VERILOG"
       attributes="TOP_LEVEL_FILE" />
  </childGeneratedFiles>
  <sourceFiles>
   <file
       path="E:/Altera/Cyclone_IV/SW/Project04_Nios_SDRAM/db/ip/sld853d7edb/alt_sld_fab_wrapper_hw.tcl" />
  </sourceFiles>
  <childSourceFiles>
   <file
       path="C:/altera/15.1/ip/altera/sld/core/altera_instrumentation_fabric/alt_sld_fab_hw.tcl" />
   <file
       path="C:/altera/15.1/ip/altera/sld/core/altera_instrumentation_fabric/com.altera.superfabric.jar" />
   <file
       path="C:/altera/15.1/quartus/sopc_builder/model/lib/com.altera.utilities.jar" />
   <file
       path="C:/altera/15.1/quartus/sopc_builder/model/lib/hamcrest-all-1.3.jar" />
   <file
       path="C:/altera/15.1/quartus/sopc_builder/model/lib/commons-lang3-3.1.jar" />
   <file path="C:/altera/15.1/quartus/sopc_builder/model/lib/javasysmon.jar" />
   <file
       path="C:/altera/15.1/ip/altera/sld/core/altera_super_splitter/altera_super_splitter_hw.tcl" />
   <file
       path="C:/altera/15.1/ip/altera/sld/core/altera_super_splitter/altera_sld_splitter_hw.tcl" />
   <file
       path="C:/altera/15.1/ip/altera/sld/jtag/altera_sld_jtag_hub/altera_sld_jtag_hub_hw.tcl" />
   <file
       path="C:/altera/15.1/ip/altera/sld/core/altera_connection_identification_hub/altera_connection_identification_hub_hw.tcl" />
  </childSourceFiles>
  <messages>
   <message level="Debug" culprit="alt_sld_fab">queue size: 0 starting:alt_sld_fab "alt_sld_fab"</message>
   <message level="Progress" culprit="min"></message>
   <message level="Progress" culprit="max"></message>
   <message level="Progress" culprit="current"></message>
   <message level="Debug">Transform: CustomInstructionTransform</message>
   <message level="Debug">No custom instruction connections, skipping transform </message>
   <message level="Debug" culprit="merlin_custom_instruction_transform"><![CDATA[After transform: <b>1</b> modules, <b>0</b> connections]]></message>
   <message level="Debug">Transform: MMTransform</message>
   <message level="Debug">Transform: InterruptMapperTransform</message>
   <message level="Debug">Transform: InterruptSyncTransform</message>
   <message level="Debug">Transform: InterruptFanoutTransform</message>
   <message level="Debug">Transform: AvalonStreamingTransform</message>
   <message level="Debug">Transform: ResetAdaptation</message>
   <message level="Debug" culprit="alt_sld_fab"><![CDATA["<b>alt_sld_fab</b>" reuses <b>alt_sld_fab</b> "<b>submodules/alt_sld_fab_alt_sld_fab</b>"]]></message>
   <message level="Debug" culprit="alt_sld_fab">queue size: 0 starting:alt_sld_fab "submodules/alt_sld_fab_alt_sld_fab"</message>
   <message level="Progress" culprit="min"></message>
   <message level="Progress" culprit="max"></message>
   <message level="Progress" culprit="current"></message>
   <message level="Debug">Transform: CustomInstructionTransform</message>
   <message level="Debug">No custom instruction connections, skipping transform </message>
   <message level="Debug" culprit="merlin_custom_instruction_transform"><![CDATA[After transform: <b>5</b> modules, <b>8</b> connections]]></message>
   <message level="Debug">Transform: MMTransform</message>
   <message level="Debug">Transform: InterruptMapperTransform</message>
   <message level="Debug">Transform: InterruptSyncTransform</message>
   <message level="Debug">Transform: InterruptFanoutTransform</message>
   <message level="Debug">Transform: AvalonStreamingTransform</message>
   <message level="Debug">Transform: ResetAdaptation</message>
   <message level="Debug" culprit="alt_sld_fab"><![CDATA["<b>alt_sld_fab</b>" reuses <b>altera_super_splitter</b> "<b>submodules/alt_sld_fab_alt_sld_fab_presplit</b>"]]></message>
   <message level="Debug" culprit="alt_sld_fab"><![CDATA["<b>alt_sld_fab</b>" reuses <b>altera_sld_splitter</b> "<b>submodules/alt_sld_fab_alt_sld_fab_splitter</b>"]]></message>
   <message level="Debug" culprit="alt_sld_fab"><![CDATA["<b>alt_sld_fab</b>" reuses <b>altera_sld_jtag_hub</b> "<b>submodules/alt_sld_fab_alt_sld_fab_sldfabric</b>"]]></message>
   <message level="Debug" culprit="alt_sld_fab"><![CDATA["<b>alt_sld_fab</b>" reuses <b>altera_connection_identification_hub</b> "<b>submodules/alt_sld_fab_alt_sld_fab_ident</b>"]]></message>
   <message level="Info" culprit="alt_sld_fab"><![CDATA["<b>alt_sld_fab</b>" instantiated <b>alt_sld_fab</b> "<b>alt_sld_fab</b>"]]></message>
   <message level="Debug" culprit="alt_sld_fab">queue size: 3 starting:altera_super_splitter "submodules/alt_sld_fab_alt_sld_fab_presplit"</message>
   <message level="Info" culprit="presplit"><![CDATA["<b>alt_sld_fab</b>" instantiated <b>altera_super_splitter</b> "<b>presplit</b>"]]></message>
   <message level="Debug" culprit="alt_sld_fab">queue size: 2 starting:altera_sld_splitter "submodules/alt_sld_fab_alt_sld_fab_splitter"</message>
   <message level="Info" culprit="splitter"><![CDATA["<b>alt_sld_fab</b>" instantiated <b>altera_sld_splitter</b> "<b>splitter</b>"]]></message>
   <message level="Debug" culprit="alt_sld_fab">queue size: 1 starting:altera_sld_jtag_hub "submodules/alt_sld_fab_alt_sld_fab_sldfabric"</message>
   <message level="Info" culprit="sldfabric"><![CDATA["<b>alt_sld_fab</b>" instantiated <b>altera_sld_jtag_hub</b> "<b>sldfabric</b>"]]></message>
   <message level="Debug" culprit="alt_sld_fab">queue size: 0 starting:altera_connection_identification_hub "submodules/alt_sld_fab_alt_sld_fab_ident"</message>
   <message level="Info" culprit="ident"><![CDATA["<b>alt_sld_fab</b>" instantiated <b>altera_connection_identification_hub</b> "<b>ident</b>"]]></message>
  </messages>
 </entity>
 <entity
   path="submodules/"
   parameterizationKey="alt_sld_fab:15.1:AGENTS=,AUTO_DEVICE=Unknown,AUTO_DEVICE_SPEEDGRADE=Unknown,CLOCKS={id {} } {id {} } ,COMPOSED_SETTINGS={fabric sld dir agent mfr_code 110 type_code 128 version 1 instance 0 ir_width 1 prefer_host {} } {fabric sld dir agent mfr_code 70 type_code 34 version 3 instance 0 ir_width 2 prefer_host {} } ,DESIGN_HASH=913e690ee7f42d18c37f,DEVICE_FAMILY=Cyclone IV E,EP_INFOS={hpath {nios_ii:u0|nios_ii_jtag_uart_0:jtag_uart_0|alt_jtag_atlantic:nios_ii_jtag_uart_0_alt_jtag_atlantic|altera_sld_agent_endpoint:inst|altera_fabric_endpoint:ep} } {hpath {nios_ii:u0|nios_ii_nios2_gen2_0:nios2_gen2_0|nios_ii_nios2_gen2_0_cpu:cpu|nios_ii_nios2_gen2_0_cpu_nios2_oci:the_nios_ii_nios2_gen2_0_cpu_nios2_oci|nios_ii_nios2_gen2_0_cpu_debug_slave_wrapper:the_nios_ii_nios2_gen2_0_cpu_debug_slave_wrapper|sld_virtual_jtag_basic:nios_ii_nios2_gen2_0_cpu_debug_slave_phy|sld_virtual_jtag_impl:sld_virtual_jtag_impl_inst} } ,MAX_WIDTH=25,MIRROR=0,NODE_COUNT=2,SETTINGS={fabric sld dir agent mfr_code 110 type_code 128 version 1 instance -1 ir_width 1 prefer_host { } psig f63706bb} {fabric sld dir agent mfr_code 70 type_code 34 version 3 instance 0 ir_width 2 psig f63706bb} ,TOP_HUB=1(altera_super_splitter:15.1:MAX_WIDTH=25,RECEIVE_WIDTHS=24 25,SEND_WIDTHS=3 4)(altera_sld_splitter:15.1:ADD_INTERFACE_ASGN=0,EXAMPLE=,FRAGMENTS={{name clock type clock dir end ports { {tck clk in 1 0} } } {name node type conduit dir end ports { {tms tms in 1 1} {tdi tdi in 1 2} {tdo tdo out 1 0} {ena ena in 1 3} {usr1 usr1 in 1 4} {clr clr in 1 5} {clrn clrn in 1 6} {jtag_state_tlr jtag_state_tlr in 1 7} {jtag_state_rti jtag_state_rti in 1 8} {jtag_state_sdrs jtag_state_sdrs in 1 9} {jtag_state_cdr jtag_state_cdr in 1 10} {jtag_state_sdr jtag_state_sdr in 1 11} {jtag_state_e1dr jtag_state_e1dr in 1 12} {jtag_state_pdr jtag_state_pdr in 1 13} {jtag_state_e2dr jtag_state_e2dr in 1 14} {jtag_state_udr jtag_state_udr in 1 15} {jtag_state_sirs jtag_state_sirs in 1 16} {jtag_state_cir jtag_state_cir in 1 17} {jtag_state_sir jtag_state_sir in 1 18} {jtag_state_e1ir jtag_state_e1ir in 1 19} {jtag_state_pir jtag_state_pir in 1 20} {jtag_state_e2ir jtag_state_e2ir in 1 21} {jtag_state_uir jtag_state_uir in 1 22} {ir_in ir_in in 1 23} {irq irq out 1 1} {ir_out ir_out out 1 2} } clock clock assign {debug.controlledBy {link_0} } moduleassign {debug.virtualInterface.link_0 {debug.endpointLink {fabric sld index 1} } } } } {{name clock type clock dir end ports { {tck clk in 1 0} } } {name node type conduit dir end ports { {tms tms in 1 1} {tdi tdi in 1 2} {tdo tdo out 1 0} {ena ena in 1 3} {usr1 usr1 in 1 4} {clr clr in 1 5} {clrn clrn in 1 6} {jtag_state_tlr jtag_state_tlr in 1 7} {jtag_state_rti jtag_state_rti in 1 8} {jtag_state_sdrs jtag_state_sdrs in 1 9} {jtag_state_cdr jtag_state_cdr in 1 10} {jtag_state_sdr jtag_state_sdr in 1 11} {jtag_state_e1dr jtag_state_e1dr in 1 12} {jtag_state_pdr jtag_state_pdr in 1 13} {jtag_state_e2dr jtag_state_e2dr in 1 14} {jtag_state_udr jtag_state_udr in 1 15} {jtag_state_sirs jtag_state_sirs in 1 16} {jtag_state_cir jtag_state_cir in 1 17} {jtag_state_sir jtag_state_sir in 1 18} {jtag_state_e1ir jtag_state_e1ir in 1 19} {jtag_state_pir jtag_state_pir in 1 20} {jtag_state_e2ir jtag_state_e2ir in 1 21} {jtag_state_uir jtag_state_uir in 1 22} {ir_in ir_in in 2 23} {irq irq out 1 1} {ir_out ir_out out 2 2} } clock clock assign {debug.controlledBy {link_1} } moduleassign {debug.virtualInterface.link_1 {debug.endpointLink {fabric sld index 2} } } } } )(altera_jtag_pins_bridge:15.1:)(altera_sld_jtag_hub:15.1:BROADCAST_FEATURE=1,COMPILATION_MODE=0,CONN_INDEX=0,COUNT=2,DEVICE_FAMILY=Cyclone IV E,ENABLE_SOFT_CORE_CONTROLLER=0,FORCE_IR_CAPTURE_FEATURE=1,FORCE_PRE_1_4_FEATURE=0,NODE_INFO=0001100100010000010001100000000000001100000000000110111000000000,N_NODE_IR_BITS=5,N_SEL_BITS=2,SETTINGS={mfr_code 110 type_code 128 version 1 instance 0 ir_width 1 prefer_host {} } {mfr_code 70 type_code 34 version 3 instance 0 ir_width 2 prefer_host {} } )(altera_connection_identification_hub:15.1:COUNT=1,DESIGN_HASH=913e690ee7f42d18c37f,SETTINGS={width 4 latency 0} )(conduit:15.1:endPort=,endPortLSB=0,startPort=,startPortLSB=0,width=0)(clock:15.1:)(conduit:15.1:endPort=,endPortLSB=0,startPort=,startPortLSB=0,width=0)(clock:15.1:)(conduit:15.1:endPort=,endPortLSB=0,startPort=,startPortLSB=0,width=0)(clock:15.1:)(conduit:15.1:endPort=,endPortLSB=0,startPort=,startPortLSB=0,width=0)(conduit:15.1:endPort=,endPortLSB=0,startPort=,startPortLSB=0,width=0)"
   instancePathKey="alt_sld_fab:.:alt_sld_fab"
   kind="alt_sld_fab"
   version="15.1"
   name="alt_sld_fab_alt_sld_fab">
  <parameter name="MAX_WIDTH" value="25" />
  <parameter name="TOP_HUB" value="1" />
  <parameter name="DEVICE_FAMILY" value="Cyclone IV E" />
  <parameter
     name="SETTINGS"
     value="{fabric sld dir agent mfr_code 110 type_code 128 version 1 instance -1 ir_width 1 prefer_host { } psig f63706bb} {fabric sld dir agent mfr_code 70 type_code 34 version 3 instance 0 ir_width 2 psig f63706bb} " />
  <parameter name="CLOCKS" value="{id {} } {id {} } " />
  <parameter name="DESIGN_HASH" value="913e690ee7f42d18c37f" />
  <parameter name="AUTO_DEVICE_SPEEDGRADE" value="Unknown" />
  <parameter name="MIRROR" value="0" />
  <parameter
     name="COMPOSED_SETTINGS"
     value="{fabric sld dir agent mfr_code 110 type_code 128 version 1 instance 0 ir_width 1 prefer_host {} } {fabric sld dir agent mfr_code 70 type_code 34 version 3 instance 0 ir_width 2 prefer_host {} } " />
  <parameter name="AUTO_DEVICE" value="Unknown" />
  <parameter
     name="EP_INFOS"
     value="{hpath {nios_ii:u0|nios_ii_jtag_uart_0:jtag_uart_0|alt_jtag_atlantic:nios_ii_jtag_uart_0_alt_jtag_atlantic|altera_sld_agent_endpoint:inst|altera_fabric_endpoint:ep} } {hpath {nios_ii:u0|nios_ii_nios2_gen2_0:nios2_gen2_0|nios_ii_nios2_gen2_0_cpu:cpu|nios_ii_nios2_gen2_0_cpu_nios2_oci:the_nios_ii_nios2_gen2_0_cpu_nios2_oci|nios_ii_nios2_gen2_0_cpu_debug_slave_wrapper:the_nios_ii_nios2_gen2_0_cpu_debug_slave_wrapper|sld_virtual_jtag_basic:nios_ii_nios2_gen2_0_cpu_debug_slave_phy|sld_virtual_jtag_impl:sld_virtual_jtag_impl_inst} } " />
  <parameter name="AGENTS" value="" />
  <parameter name="NODE_COUNT" value="2" />
  <generatedFiles>
   <file
       path="E:/Altera/Cyclone_IV/SW/Project04_Nios_SDRAM/db/ip/sld853d7edb/submodules/alt_sld_fab_alt_sld_fab.v"
       type="VERILOG" />
  </generatedFiles>
  <childGeneratedFiles>
   <file
       path="E:/Altera/Cyclone_IV/SW/Project04_Nios_SDRAM/db/ip/sld853d7edb/submodules/alt_sld_fab_alt_sld_fab_presplit.sv"
       type="SYSTEM_VERILOG"
       attributes="TOP_LEVEL_FILE" />
   <file
       path="E:/Altera/Cyclone_IV/SW/Project04_Nios_SDRAM/db/ip/sld853d7edb/submodules/alt_sld_fab_alt_sld_fab_splitter.sv"
       type="SYSTEM_VERILOG"
       attributes="TOP_LEVEL_FILE" />
   <file
       path="E:/Altera/Cyclone_IV/SW/Project04_Nios_SDRAM/db/ip/sld853d7edb/submodules/alt_sld_fab_alt_sld_fab_sldfabric.vhd"
       type="VHDL"
       attributes="" />
   <file
       path="E:/Altera/Cyclone_IV/SW/Project04_Nios_SDRAM/db/ip/sld853d7edb/submodules/alt_sld_fab_alt_sld_fab_ident.sv"
       type="SYSTEM_VERILOG"
       attributes="TOP_LEVEL_FILE" />
  </childGeneratedFiles>
  <sourceFiles>
   <file
       path="C:/altera/15.1/ip/altera/sld/core/altera_instrumentation_fabric/alt_sld_fab_hw.tcl" />
   <file
       path="C:/altera/15.1/ip/altera/sld/core/altera_instrumentation_fabric/com.altera.superfabric.jar" />
   <file
       path="C:/altera/15.1/quartus/sopc_builder/model/lib/com.altera.utilities.jar" />
   <file
       path="C:/altera/15.1/quartus/sopc_builder/model/lib/hamcrest-all-1.3.jar" />
   <file
       path="C:/altera/15.1/quartus/sopc_builder/model/lib/commons-lang3-3.1.jar" />
   <file path="C:/altera/15.1/quartus/sopc_builder/model/lib/javasysmon.jar" />
  </sourceFiles>
  <childSourceFiles>
   <file
       path="C:/altera/15.1/ip/altera/sld/core/altera_super_splitter/altera_super_splitter_hw.tcl" />
   <file
       path="C:/altera/15.1/ip/altera/sld/core/altera_super_splitter/altera_sld_splitter_hw.tcl" />
   <file
       path="C:/altera/15.1/ip/altera/sld/jtag/altera_sld_jtag_hub/altera_sld_jtag_hub_hw.tcl" />
   <file
       path="C:/altera/15.1/ip/altera/sld/core/altera_connection_identification_hub/altera_connection_identification_hub_hw.tcl" />
  </childSourceFiles>
  <instantiator instantiator="alt_sld_fab" as="alt_sld_fab" />
  <messages>
   <message level="Debug" culprit="alt_sld_fab">queue size: 0 starting:alt_sld_fab "submodules/alt_sld_fab_alt_sld_fab"</message>
   <message level="Progress" culprit="min"></message>
   <message level="Progress" culprit="max"></message>
   <message level="Progress" culprit="current"></message>
   <message level="Debug">Transform: CustomInstructionTransform</message>
   <message level="Debug">No custom instruction connections, skipping transform </message>
   <message level="Debug" culprit="merlin_custom_instruction_transform"><![CDATA[After transform: <b>5</b> modules, <b>8</b> connections]]></message>
   <message level="Debug">Transform: MMTransform</message>
   <message level="Debug">Transform: InterruptMapperTransform</message>
   <message level="Debug">Transform: InterruptSyncTransform</message>
   <message level="Debug">Transform: InterruptFanoutTransform</message>
   <message level="Debug">Transform: AvalonStreamingTransform</message>
   <message level="Debug">Transform: ResetAdaptation</message>
   <message level="Debug" culprit="alt_sld_fab"><![CDATA["<b>alt_sld_fab</b>" reuses <b>altera_super_splitter</b> "<b>submodules/alt_sld_fab_alt_sld_fab_presplit</b>"]]></message>
   <message level="Debug" culprit="alt_sld_fab"><![CDATA["<b>alt_sld_fab</b>" reuses <b>altera_sld_splitter</b> "<b>submodules/alt_sld_fab_alt_sld_fab_splitter</b>"]]></message>
   <message level="Debug" culprit="alt_sld_fab"><![CDATA["<b>alt_sld_fab</b>" reuses <b>altera_sld_jtag_hub</b> "<b>submodules/alt_sld_fab_alt_sld_fab_sldfabric</b>"]]></message>
   <message level="Debug" culprit="alt_sld_fab"><![CDATA["<b>alt_sld_fab</b>" reuses <b>altera_connection_identification_hub</b> "<b>submodules/alt_sld_fab_alt_sld_fab_ident</b>"]]></message>
   <message level="Info" culprit="alt_sld_fab"><![CDATA["<b>alt_sld_fab</b>" instantiated <b>alt_sld_fab</b> "<b>alt_sld_fab</b>"]]></message>
   <message level="Debug" culprit="alt_sld_fab">queue size: 3 starting:altera_super_splitter "submodules/alt_sld_fab_alt_sld_fab_presplit"</message>
   <message level="Info" culprit="presplit"><![CDATA["<b>alt_sld_fab</b>" instantiated <b>altera_super_splitter</b> "<b>presplit</b>"]]></message>
   <message level="Debug" culprit="alt_sld_fab">queue size: 2 starting:altera_sld_splitter "submodules/alt_sld_fab_alt_sld_fab_splitter"</message>
   <message level="Info" culprit="splitter"><![CDATA["<b>alt_sld_fab</b>" instantiated <b>altera_sld_splitter</b> "<b>splitter</b>"]]></message>
   <message level="Debug" culprit="alt_sld_fab">queue size: 1 starting:altera_sld_jtag_hub "submodules/alt_sld_fab_alt_sld_fab_sldfabric"</message>
   <message level="Info" culprit="sldfabric"><![CDATA["<b>alt_sld_fab</b>" instantiated <b>altera_sld_jtag_hub</b> "<b>sldfabric</b>"]]></message>
   <message level="Debug" culprit="alt_sld_fab">queue size: 0 starting:altera_connection_identification_hub "submodules/alt_sld_fab_alt_sld_fab_ident"</message>
   <message level="Info" culprit="ident"><![CDATA["<b>alt_sld_fab</b>" instantiated <b>altera_connection_identification_hub</b> "<b>ident</b>"]]></message>
  </messages>
 </entity>
 <entity
   path="submodules/"
   parameterizationKey="altera_super_splitter:15.1:MAX_WIDTH=25,RECEIVE_WIDTHS=24 25,SEND_WIDTHS=3 4"
   instancePathKey="alt_sld_fab:.:alt_sld_fab:.:presplit"
   kind="altera_super_splitter"
   version="15.1"
   name="alt_sld_fab_alt_sld_fab_presplit">
  <parameter name="SEND_WIDTHS" value="3 4" />
  <parameter name="MAX_WIDTH" value="25" />
  <parameter name="RECEIVE_WIDTHS" value="24 25" />
  <generatedFiles>
   <file
       path="E:/Altera/Cyclone_IV/SW/Project04_Nios_SDRAM/db/ip/sld853d7edb/submodules/alt_sld_fab_alt_sld_fab_presplit.sv"
       type="SYSTEM_VERILOG"
       attributes="TOP_LEVEL_FILE" />
  </generatedFiles>
  <childGeneratedFiles/>
  <sourceFiles>
   <file
       path="C:/altera/15.1/ip/altera/sld/core/altera_super_splitter/altera_super_splitter_hw.tcl" />
  </sourceFiles>
  <childSourceFiles/>
  <instantiator instantiator="alt_sld_fab_alt_sld_fab" as="presplit" />
  <messages>
   <message level="Debug" culprit="alt_sld_fab">queue size: 3 starting:altera_super_splitter "submodules/alt_sld_fab_alt_sld_fab_presplit"</message>
   <message level="Info" culprit="presplit"><![CDATA["<b>alt_sld_fab</b>" instantiated <b>altera_super_splitter</b> "<b>presplit</b>"]]></message>
  </messages>
 </entity>
 <entity
   path="submodules/"
   parameterizationKey="altera_sld_splitter:15.1:ADD_INTERFACE_ASGN=0,EXAMPLE=,FRAGMENTS={{name clock type clock dir end ports { {tck clk in 1 0} } } {name node type conduit dir end ports { {tms tms in 1 1} {tdi tdi in 1 2} {tdo tdo out 1 0} {ena ena in 1 3} {usr1 usr1 in 1 4} {clr clr in 1 5} {clrn clrn in 1 6} {jtag_state_tlr jtag_state_tlr in 1 7} {jtag_state_rti jtag_state_rti in 1 8} {jtag_state_sdrs jtag_state_sdrs in 1 9} {jtag_state_cdr jtag_state_cdr in 1 10} {jtag_state_sdr jtag_state_sdr in 1 11} {jtag_state_e1dr jtag_state_e1dr in 1 12} {jtag_state_pdr jtag_state_pdr in 1 13} {jtag_state_e2dr jtag_state_e2dr in 1 14} {jtag_state_udr jtag_state_udr in 1 15} {jtag_state_sirs jtag_state_sirs in 1 16} {jtag_state_cir jtag_state_cir in 1 17} {jtag_state_sir jtag_state_sir in 1 18} {jtag_state_e1ir jtag_state_e1ir in 1 19} {jtag_state_pir jtag_state_pir in 1 20} {jtag_state_e2ir jtag_state_e2ir in 1 21} {jtag_state_uir jtag_state_uir in 1 22} {ir_in ir_in in 1 23} {irq irq out 1 1} {ir_out ir_out out 1 2} } clock clock assign {debug.controlledBy {link_0} } moduleassign {debug.virtualInterface.link_0 {debug.endpointLink {fabric sld index 1} } } } } {{name clock type clock dir end ports { {tck clk in 1 0} } } {name node type conduit dir end ports { {tms tms in 1 1} {tdi tdi in 1 2} {tdo tdo out 1 0} {ena ena in 1 3} {usr1 usr1 in 1 4} {clr clr in 1 5} {clrn clrn in 1 6} {jtag_state_tlr jtag_state_tlr in 1 7} {jtag_state_rti jtag_state_rti in 1 8} {jtag_state_sdrs jtag_state_sdrs in 1 9} {jtag_state_cdr jtag_state_cdr in 1 10} {jtag_state_sdr jtag_state_sdr in 1 11} {jtag_state_e1dr jtag_state_e1dr in 1 12} {jtag_state_pdr jtag_state_pdr in 1 13} {jtag_state_e2dr jtag_state_e2dr in 1 14} {jtag_state_udr jtag_state_udr in 1 15} {jtag_state_sirs jtag_state_sirs in 1 16} {jtag_state_cir jtag_state_cir in 1 17} {jtag_state_sir jtag_state_sir in 1 18} {jtag_state_e1ir jtag_state_e1ir in 1 19} {jtag_state_pir jtag_state_pir in 1 20} {jtag_state_e2ir jtag_state_e2ir in 1 21} {jtag_state_uir jtag_state_uir in 1 22} {ir_in ir_in in 2 23} {irq irq out 1 1} {ir_out ir_out out 2 2} } clock clock assign {debug.controlledBy {link_1} } moduleassign {debug.virtualInterface.link_1 {debug.endpointLink {fabric sld index 2} } } } } "
   instancePathKey="alt_sld_fab:.:alt_sld_fab:.:splitter"
   kind="altera_sld_splitter"
   version="15.1"
   name="alt_sld_fab_alt_sld_fab_splitter">
  <parameter
     name="FRAGMENTS"
     value="{{name clock type clock dir end ports { {tck clk in 1 0} } } {name node type conduit dir end ports { {tms tms in 1 1} {tdi tdi in 1 2} {tdo tdo out 1 0} {ena ena in 1 3} {usr1 usr1 in 1 4} {clr clr in 1 5} {clrn clrn in 1 6} {jtag_state_tlr jtag_state_tlr in 1 7} {jtag_state_rti jtag_state_rti in 1 8} {jtag_state_sdrs jtag_state_sdrs in 1 9} {jtag_state_cdr jtag_state_cdr in 1 10} {jtag_state_sdr jtag_state_sdr in 1 11} {jtag_state_e1dr jtag_state_e1dr in 1 12} {jtag_state_pdr jtag_state_pdr in 1 13} {jtag_state_e2dr jtag_state_e2dr in 1 14} {jtag_state_udr jtag_state_udr in 1 15} {jtag_state_sirs jtag_state_sirs in 1 16} {jtag_state_cir jtag_state_cir in 1 17} {jtag_state_sir jtag_state_sir in 1 18} {jtag_state_e1ir jtag_state_e1ir in 1 19} {jtag_state_pir jtag_state_pir in 1 20} {jtag_state_e2ir jtag_state_e2ir in 1 21} {jtag_state_uir jtag_state_uir in 1 22} {ir_in ir_in in 1 23} {irq irq out 1 1} {ir_out ir_out out 1 2} } clock clock assign {debug.controlledBy {link_0} } moduleassign {debug.virtualInterface.link_0 {debug.endpointLink {fabric sld index 1} } } } } {{name clock type clock dir end ports { {tck clk in 1 0} } } {name node type conduit dir end ports { {tms tms in 1 1} {tdi tdi in 1 2} {tdo tdo out 1 0} {ena ena in 1 3} {usr1 usr1 in 1 4} {clr clr in 1 5} {clrn clrn in 1 6} {jtag_state_tlr jtag_state_tlr in 1 7} {jtag_state_rti jtag_state_rti in 1 8} {jtag_state_sdrs jtag_state_sdrs in 1 9} {jtag_state_cdr jtag_state_cdr in 1 10} {jtag_state_sdr jtag_state_sdr in 1 11} {jtag_state_e1dr jtag_state_e1dr in 1 12} {jtag_state_pdr jtag_state_pdr in 1 13} {jtag_state_e2dr jtag_state_e2dr in 1 14} {jtag_state_udr jtag_state_udr in 1 15} {jtag_state_sirs jtag_state_sirs in 1 16} {jtag_state_cir jtag_state_cir in 1 17} {jtag_state_sir jtag_state_sir in 1 18} {jtag_state_e1ir jtag_state_e1ir in 1 19} {jtag_state_pir jtag_state_pir in 1 20} {jtag_state_e2ir jtag_state_e2ir in 1 21} {jtag_state_uir jtag_state_uir in 1 22} {ir_in ir_in in 2 23} {irq irq out 1 1} {ir_out ir_out out 2 2} } clock clock assign {debug.controlledBy {link_1} } moduleassign {debug.virtualInterface.link_1 {debug.endpointLink {fabric sld index 2} } } } } " />
  <parameter name="EXAMPLE" value="" />
  <parameter name="ADD_INTERFACE_ASGN" value="0" />
  <generatedFiles>
   <file
       path="E:/Altera/Cyclone_IV/SW/Project04_Nios_SDRAM/db/ip/sld853d7edb/submodules/alt_sld_fab_alt_sld_fab_splitter.sv"
       type="SYSTEM_VERILOG"
       attributes="TOP_LEVEL_FILE" />
  </generatedFiles>
  <childGeneratedFiles/>
  <sourceFiles>
   <file
       path="C:/altera/15.1/ip/altera/sld/core/altera_super_splitter/altera_sld_splitter_hw.tcl" />
  </sourceFiles>
  <childSourceFiles/>
  <instantiator instantiator="alt_sld_fab_alt_sld_fab" as="splitter" />
  <messages>
   <message level="Debug" culprit="alt_sld_fab">queue size: 2 starting:altera_sld_splitter "submodules/alt_sld_fab_alt_sld_fab_splitter"</message>
   <message level="Info" culprit="splitter"><![CDATA["<b>alt_sld_fab</b>" instantiated <b>altera_sld_splitter</b> "<b>splitter</b>"]]></message>
  </messages>
 </entity>
 <entity
   path="submodules/"
   parameterizationKey="altera_sld_jtag_hub:15.1:BROADCAST_FEATURE=1,COMPILATION_MODE=0,CONN_INDEX=0,COUNT=2,DEVICE_FAMILY=Cyclone IV E,ENABLE_SOFT_CORE_CONTROLLER=0,FORCE_IR_CAPTURE_FEATURE=1,FORCE_PRE_1_4_FEATURE=0,NODE_INFO=0001100100010000010001100000000000001100000000000110111000000000,N_NODE_IR_BITS=5,N_SEL_BITS=2,SETTINGS={mfr_code 110 type_code 128 version 1 instance 0 ir_width 1 prefer_host {} } {mfr_code 70 type_code 34 version 3 instance 0 ir_width 2 prefer_host {} } "
   instancePathKey="alt_sld_fab:.:alt_sld_fab:.:sldfabric"
   kind="altera_sld_jtag_hub"
   version="15.1"
   name="alt_sld_fab_alt_sld_fab_sldfabric">
  <parameter name="BROADCAST_FEATURE" value="1" />
  <parameter name="CONN_INDEX" value="0" />
  <parameter
     name="NODE_INFO"
     value="0001100100010000010001100000000000001100000000000110111000000000" />
  <parameter name="N_SEL_BITS" value="2" />
  <parameter name="COMPILATION_MODE" value="0" />
  <parameter name="ENABLE_SOFT_CORE_CONTROLLER" value="0" />
  <parameter name="DEVICE_FAMILY" value="Cyclone IV E" />
  <parameter name="N_NODE_IR_BITS" value="5" />
  <parameter name="FORCE_PRE_1_4_FEATURE" value="0" />
  <parameter name="COUNT" value="2" />
  <parameter
     name="SETTINGS"
     value="{mfr_code 110 type_code 128 version 1 instance 0 ir_width 1 prefer_host {} } {mfr_code 70 type_code 34 version 3 instance 0 ir_width 2 prefer_host {} } " />
  <parameter name="FORCE_IR_CAPTURE_FEATURE" value="1" />
  <generatedFiles>
   <file
       path="E:/Altera/Cyclone_IV/SW/Project04_Nios_SDRAM/db/ip/sld853d7edb/submodules/alt_sld_fab_alt_sld_fab_sldfabric.vhd"
       type="VHDL"
       attributes="" />
  </generatedFiles>
  <childGeneratedFiles/>
  <sourceFiles>
   <file
       path="C:/altera/15.1/ip/altera/sld/jtag/altera_sld_jtag_hub/altera_sld_jtag_hub_hw.tcl" />
  </sourceFiles>
  <childSourceFiles/>
  <instantiator instantiator="alt_sld_fab_alt_sld_fab" as="sldfabric" />
  <messages>
   <message level="Debug" culprit="alt_sld_fab">queue size: 1 starting:altera_sld_jtag_hub "submodules/alt_sld_fab_alt_sld_fab_sldfabric"</message>
   <message level="Info" culprit="sldfabric"><![CDATA["<b>alt_sld_fab</b>" instantiated <b>altera_sld_jtag_hub</b> "<b>sldfabric</b>"]]></message>
  </messages>
 </entity>
 <entity
   path="submodules/"
   parameterizationKey="altera_connection_identification_hub:15.1:COUNT=1,DESIGN_HASH=913e690ee7f42d18c37f,SETTINGS={width 4 latency 0} "
   instancePathKey="alt_sld_fab:.:alt_sld_fab:.:ident"
   kind="altera_connection_identification_hub"
   version="15.1"
   name="alt_sld_fab_alt_sld_fab_ident">
  <parameter name="COUNT" value="1" />
  <parameter name="SETTINGS" value="{width 4 latency 0} " />
  <parameter name="DESIGN_HASH" value="913e690ee7f42d18c37f" />
  <generatedFiles>
   <file
       path="E:/Altera/Cyclone_IV/SW/Project04_Nios_SDRAM/db/ip/sld853d7edb/submodules/alt_sld_fab_alt_sld_fab_ident.sv"
       type="SYSTEM_VERILOG"
       attributes="TOP_LEVEL_FILE" />
  </generatedFiles>
  <childGeneratedFiles/>
  <sourceFiles>
   <file
       path="C:/altera/15.1/ip/altera/sld/core/altera_connection_identification_hub/altera_connection_identification_hub_hw.tcl" />
  </sourceFiles>
  <childSourceFiles/>
  <instantiator instantiator="alt_sld_fab_alt_sld_fab" as="ident" />
  <messages>
   <message level="Debug" culprit="alt_sld_fab">queue size: 0 starting:altera_connection_identification_hub "submodules/alt_sld_fab_alt_sld_fab_ident"</message>
   <message level="Info" culprit="ident"><![CDATA["<b>alt_sld_fab</b>" instantiated <b>altera_connection_identification_hub</b> "<b>ident</b>"]]></message>
  </messages>
 </entity>
</deploy>
